id,nama,umur,kota,pendapatan,pekerjaan
1,Gina,20,Palembang,5361303,Freelancer
2,Dewi,27,Malang,7970552,Akuntan
3,Hadi,23,Semarang,4007461,Admin
4,Eka,23,Bogor,7770139,Desainer
5,Gina,24,Jakarta,6894100,Programmer
6,Joko,27,Semarang,4472501,Guru
7,Citra,24,Depok,5197162,Mahasiswa
8,Gina,27,Surabaya,5046161,Teknisi
9,Hadi,29,Medan,6480547,Analis
10,Eka,20,Palembang,4494178,Freelancer
11,Dewi,29,Malang,6002348,Admin
12,Hadi,28,Palembang,6328648,Teknisi
13,Hadi,25,Semarang,6789300,Analis
14,Citra,22,Medan,5779685,Analis
15,Fajar,27,Depok,7862137,Guru
16,Eka,28,Yogyakarta,5897501,Guru
17,Budi,25,Jakarta,4560315,Guru
18,Hadi,26,Medan,6977131,Marketing
19,Fajar,20,Surabaya,6271073,Marketing
20,Budi,24,Bogor,5935135,Analis
21,Eka,24,Depok,4673218,Guru
22,Andi,29,Jakarta,7885250,Akuntan
23,Joko,23,Malang,4603291,Freelancer
24,Fajar,25,Bogor,4707755,Teknisi
25,Ika,26,Semarang,6661198,Teknisi
26,Andi,28,Medan,6413608,Marketing
27,Joko,20,Jakarta,5379390,Analis
28,Citra,25,Bandung,5034262,Admin
29,Gina,26,Yogyakarta,6179431,Desainer
30,Dewi,22,Yogyakarta,4015434,Desainer
31,Ika,27,Depok,4719407,Marketing
32,Citra,24,Malang,6538143,Admin
33,Eka,28,Depok,4337913,Marketing
34,Citra,24,Bandung,7915770,Desainer
35,Gina,28,Surabaya,6096952,Admin
36,Eka,29,Malang,4328821,Guru
37,Ika,23,Palembang,6180707,Analis
38,Gina,28,Surabaya,5701243,Teknisi
39,Budi,24,Malang,7887008,Akuntan
40,Dewi,29,Malang,5812375,Programmer
41,Ika,28,Bandung,6273958,Analis
42,Budi,22,Semarang,7627447,Guru
43,Joko,23,Bandung,6530971,Desainer
44,Ika,28,Malang,7615652,Guru
45,Joko,29,Jakarta,4999430,Marketing
46,Eka,25,Surabaya,4068803,Admin
47,Budi,21,Bandung,7578276,Teknisi
48,Dewi,26,Semarang,5926711,Freelancer
49,Gina,21,Medan,4807744,Marketing
50,Hadi,21,Depok,4748736,Analis
51,Citra,20,Malang,5526318,Marketing
52,Andi,22,Palembang,4699539,Analis
53,Dewi,25,Medan,7872530,Freelancer
54,Budi,27,Yogyakarta,4245404,Mahasiswa
55,Hadi,28,Bogor,6739401,Teknisi
56,Dewi,26,Semarang,5351099,Akuntan
57,Budi,23,Palembang,4017297,Akuntan
58,Fajar,25,Bogor,4788443,Programmer
59,Fajar,24,Semarang,7655074,Guru
60,Joko,27,Jakarta,7265962,Mahasiswa
61,Dewi,20,Depok,4568302,Akuntan
62,Fajar,20,Medan,5816030,Marketing
63,Budi,25,Surabaya,7026394,Guru
64,Joko,29,Semarang,5929341,Mahasiswa
65,Budi,21,Surabaya,5227146,Admin
66,Joko,24,Depok,6880304,Admin
67,Dewi,20,Malang,6894704,Guru
68,Hadi,26,Yogyakarta,5558309,Analis
69,Gina,20,Medan,5974847,Analis
70,Ika,23,Depok,5333572,Marketing
71,Hadi,28,Depok,7487111,Mahasiswa
72,Eka,20,Jakarta,5442721,Mahasiswa
73,Budi,23,Bogor,7878575,Guru
74,Eka,25,Yogyakarta,4511603,Desainer
75,Hadi,25,Medan,4615863,Admin
76,Joko,27,Malang,7140811,Mahasiswa
77,Ika,20,Malang,4507365,Guru
78,Ika,26,Bandung,7765056,Freelancer
79,Andi,20,Depok,7294238,Programmer
80,Ika,26,Semarang,7325315,Freelancer
81,Gina,22,Jakarta,5578608,Teknisi
82,Ika,27,Yogyakarta,7884908,Marketing
83,Hadi,22,Malang,5484209,Mahasiswa
84,Andi,20,Medan,5022788,Teknisi
85,Hadi,27,Bandung,4828791,Akuntan
86,Hadi,22,Medan,7820887,Teknisi
87,Citra,21,Jakarta,6458042,Guru
88,Andi,20,Semarang,6846274,Mahasiswa
89,Hadi,22,Bandung,4645194,Programmer
90,Citra,21,Bandung,4201260,Guru
91,Citra,21,Bogor,5793795,Guru
92,Andi,25,Yogyakarta,6875033,Marketing
93,Eka,20,Bandung,7908762,Marketing
94,Joko,21,Bogor,7677613,Admin
95,Gina,25,Bogor,6930677,Admin
96,Joko,22,Jakarta,7576170,Analis
97,Ika,23,Surabaya,5251775,Desainer
98,Gina,20,Medan,4376794,Mahasiswa
99,Ika,27,Semarang,7630313,Mahasiswa
100,Hadi,26,Palembang,7878450,Teknisi
101,Budi,26,Medan,7827505,Mahasiswa
102,Andi,22,Bandung,7033349,Mahasiswa
103,Gina,29,Semarang,5521466,Desainer
104,Gina,29,Malang,6480252,Akuntan
105,Hadi,22,Surabaya,6212750,Admin
106,Eka,21,Malang,6347252,Admin
107,Citra,20,Malang,4782877,Programmer
108,Hadi,26,Yogyakarta,4708521,Mahasiswa
109,Fajar,26,Medan,6873828,Desainer
110,Citra,21,Palembang,6230393,Admin
111,Andi,26,Jakarta,7885180,Desainer
112,Citra,27,Palembang,5201700,Freelancer
113,Eka,20,Malang,7610793,Akuntan
114,Citra,28,Bandung,7350651,Mahasiswa
115,Andi,26,Surabaya,6105188,Programmer
116,Eka,22,Depok,5604642,Teknisi
117,Joko,27,Palembang,7042390,Admin
118,Gina,26,Malang,7299973,Freelancer
119,Gina,27,Surabaya,5734339,Desainer
120,Ika,25,Semarang,7080977,Marketing
121,Joko,28,Medan,6299899,Guru
122,Joko,24,Bogor,5972424,Mahasiswa
123,Citra,22,Yogyakarta,6640240,Mahasiswa
124,Gina,22,Surabaya,5336092,Freelancer
125,Andi,20,Bandung,5372236,Desainer
126,Dewi,27,Bandung,5855546,Analis
127,Dewi,21,Surabaya,4850350,Mahasiswa
128,Eka,22,Bandung,4932477,Analis
129,Gina,27,Medan,7479027,Marketing
130,Gina,27,Bandung,6852752,Freelancer
131,Dewi,23,Palembang,7205228,Desainer
132,Gina,23,Bogor,4167647,Desainer
133,Citra,24,Bandung,6333679,Akuntan
134,Fajar,25,Bogor,4435477,Guru
135,Budi,24,Malang,5683523,Admin
136,Joko,26,Jakarta,6649156,Admin
137,Ika,21,Medan,7542180,Teknisi
138,Eka,26,Jakarta,5457640,Programmer
139,Fajar,29,Malang,4002352,Freelancer
140,Dewi,26,Medan,4133004,Marketing
141,Joko,20,Surabaya,6960033,Desainer
142,Gina,26,Surabaya,5581420,Guru
143,Ika,24,Bogor,4786261,Analis
144,Gina,22,Malang,7494708,Freelancer
145,Andi,22,Bogor,6758010,Teknisi
146,Andi,23,Yogyakarta,6828630,Freelancer
147,Ika,21,Bandung,4050098,Teknisi
148,Ika,21,Depok,7079042,Desainer
149,Dewi,20,Yogyakarta,6471465,Programmer
150,Ika,24,Bandung,6762081,Teknisi
151,Citra,23,Medan,6344351,Desainer
152,Gina,29,Bogor,4126060,Desainer
153,Fajar,21,Medan,5236530,Programmer
154,Hadi,22,Medan,5774329,Admin
155,Ika,26,Bandung,4130544,Freelancer
156,Eka,26,Malang,6621780,Mahasiswa
157,Andi,23,Bandung,6796461,Mahasiswa
158,Citra,24,Semarang,6703742,Analis
159,Joko,24,Surabaya,7077099,Analis
160,Hadi,25,Surabaya,6844180,Mahasiswa
161,Fajar,28,Yogyakarta,6564395,Marketing
162,Hadi,21,Surabaya,6621578,Mahasiswa
163,Ika,24,Bandung,4393574,Analis
164,Dewi,22,Palembang,7789635,Guru
165,Andi,23,Bogor,6565618,Analis
166,Andi,29,Bandung,4871808,Marketing
167,Joko,25,Bandung,5672795,Freelancer
168,Dewi,27,Depok,6254103,Mahasiswa
169,Gina,20,Bogor,6965116,Programmer
170,Budi,29,Semarang,6939362,Guru
171,Citra,27,Surabaya,4562060,Desainer
172,Andi,26,Bogor,5107054,Marketing
173,Eka,20,Surabaya,5506145,Analis
174,Andi,21,Yogyakarta,6648202,Programmer
175,Hadi,22,Bogor,5192931,Teknisi
176,Andi,20,Surabaya,5767858,Admin
177,Andi,28,Semarang,4694780,Mahasiswa
178,Budi,27,Jakarta,6939152,Admin
179,Budi,21,Medan,4871522,Marketing
180,Fajar,28,Medan,5855227,Teknisi
181,Gina,26,Semarang,6940753,Teknisi
182,Eka,28,Depok,5542247,Teknisi
183,Andi,25,Jakarta,6696405,Desainer
184,Andi,25,Yogyakarta,4177912,Marketing
185,Citra,23,Semarang,6272919,Freelancer
186,Budi,29,Medan,6333433,Admin
187,Eka,29,Medan,6181906,Freelancer
188,Joko,21,Medan,4602276,Programmer
189,Fajar,26,Malang,5500134,Akuntan
190,Gina,24,Semarang,6604884,Guru
191,Dewi,25,Bandung,6247175,Guru
192,Gina,21,Yogyakarta,5705243,Freelancer
193,Hadi,24,Medan,4080388,Akuntan
194,Andi,29,Surabaya,7967588,Akuntan
195,Fajar,23,Semarang,4239779,Mahasiswa
196,Hadi,28,Malang,6975605,Programmer
197,Eka,25,Semarang,4904850,Marketing
198,Dewi,21,Yogyakarta,6303998,Akuntan
199,Budi,20,Malang,4694335,Analis
200,Fajar,24,Yogyakarta,5035354,Guru
201,Fajar,28,Semarang,5180788,Analis
202,Andi,25,Bandung,6094945,Programmer
203,Ika,29,Yogyakarta,5990922,Akuntan
204,Fajar,26,Malang,7958581,Admin
205,Citra,24,Malang,4788140,Guru
206,Dewi,29,Yogyakarta,5969710,Mahasiswa
207,Dewi,25,Palembang,7558539,Mahasiswa
208,Citra,24,Semarang,7746037,Teknisi
209,Joko,28,Palembang,7305108,Desainer
210,Citra,25,Depok,7190517,Akuntan
211,Citra,27,Semarang,6021770,Programmer
212,Dewi,21,Yogyakarta,6123238,Guru
213,Gina,28,Jakarta,7424731,Desainer
214,Dewi,24,Yogyakarta,4531972,Programmer
215,Ika,26,Palembang,5139664,Freelancer
216,Andi,29,Bandung,4394423,Akuntan
217,Hadi,20,Yogyakarta,5618963,Marketing
218,Gina,29,Yogyakarta,4590381,Marketing
219,Budi,24,Bandung,5209337,Akuntan
220,Hadi,29,Yogyakarta,6932235,Teknisi
221,Andi,21,Medan,7683909,Teknisi
222,Ika,25,Jakarta,5539600,Marketing
223,Ika,20,Surabaya,7736434,Admin
224,Budi,22,Jakarta,7270802,Guru
225,Gina,24,Yogyakarta,4889497,Marketing
226,Joko,23,Medan,6227503,Admin
227,Citra,22,Semarang,7861099,Desainer
228,Gina,29,Yogyakarta,4038635,Admin
229,Joko,24,Palembang,7070771,Desainer
230,Ika,27,Medan,5143647,Programmer
231,Dewi,23,Bandung,7093061,Analis
232,Andi,20,Medan,7611646,Programmer
233,Budi,26,Bandung,6962102,Marketing
234,Andi,27,Depok,5416953,Desainer
235,Eka,22,Surabaya,4890083,Marketing
236,Eka,25,Bogor,6694245,Akuntan
237,Gina,21,Medan,4421280,Guru
238,Ika,26,Malang,4909245,Mahasiswa
239,Ika,27,Palembang,4341207,Marketing
240,Citra,25,Yogyakarta,7410326,Guru
241,Citra,25,Palembang,7428750,Admin
242,Citra,24,Jakarta,5230746,Programmer
243,Dewi,27,Bogor,6290378,Admin
244,Hadi,20,Jakarta,7289791,Mahasiswa
245,Fajar,29,Depok,4592632,Desainer
246,Hadi,23,Bogor,4560881,Akuntan
247,Andi,23,Bogor,4560592,Guru
248,Hadi,22,Jakarta,5472178,Akuntan
249,Dewi,22,Bandung,7856308,Analis
250,Andi,23,Jakarta,5162189,Marketing
251,Hadi,20,Palembang,7870426,Desainer
252,Dewi,21,Bandung,5536081,Analis
253,Fajar,28,Palembang,4414299,Freelancer
254,Hadi,29,Depok,5591218,Marketing
255,Dewi,21,Yogyakarta,6381486,Admin
256,Citra,24,Semarang,7676158,Programmer
257,Ika,28,Bandung,6518766,Guru
258,Citra,28,Depok,5231619,Mahasiswa
259,Ika,27,Malang,7974022,Mahasiswa
260,Budi,20,Depok,7854498,Admin
261,Budi,20,Jakarta,5199151,Teknisi
262,Budi,28,Jakarta,4125438,Mahasiswa
263,Fajar,27,Semarang,7718472,Guru
264,Citra,29,Depok,7770183,Admin
265,Ika,28,Surabaya,5917043,Desainer
266,Dewi,26,Yogyakarta,5022892,Mahasiswa
267,Andi,22,Jakarta,6891600,Akuntan
268,Dewi,22,Semarang,6361680,Admin
269,Andi,21,Yogyakarta,5241968,Guru
270,Eka,24,Depok,6505440,Akuntan
271,Dewi,22,Depok,6199391,Marketing
272,Hadi,25,Bogor,4635719,Marketing
273,Hadi,21,Semarang,5613374,Mahasiswa
274,Gina,22,Jakarta,6801445,Akuntan
275,Citra,24,Surabaya,4808258,Programmer
276,Andi,20,Depok,4330170,Marketing
277,Andi,20,Surabaya,6218820,Programmer
278,Citra,29,Depok,6864140,Desainer
279,Fajar,28,Jakarta,7564462,Admin
280,Gina,26,Yogyakarta,6645485,Analis
281,Fajar,20,Medan,4181948,Guru
282,Fajar,27,Yogyakarta,6582814,Admin
283,Fajar,22,Depok,6711542,Guru
284,Citra,27,Palembang,6411215,Akuntan
285,Fajar,24,Medan,7769457,Desainer
286,Hadi,20,Medan,5206751,Freelancer
287,Budi,26,Surabaya,6347029,Mahasiswa
288,Eka,24,Semarang,4953692,Guru
289,Andi,25,Surabaya,5185493,Guru
290,Andi,25,Surabaya,4217770,Akuntan
291,Eka,27,Palembang,4642613,Programmer
292,Citra,28,Yogyakarta,7689353,Admin
293,Dewi,21,Yogyakarta,6774825,Freelancer
294,Citra,28,Malang,7041599,Teknisi
295,Andi,29,Depok,6437245,Mahasiswa
296,Andi,28,Palembang,7932436,Analis
297,Eka,29,Malang,5361871,Teknisi
298,Fajar,29,Jakarta,5983691,Admin
299,Citra,26,Depok,7119297,Mahasiswa
300,Ika,20,Depok,5715880,Guru
301,Eka,26,Bogor,5887895,Analis
302,Hadi,29,Bogor,6702882,Programmer
303,Andi,24,Bandung,7195575,Freelancer
304,Eka,25,Bandung,5107229,Programmer
305,Citra,29,Surabaya,5790008,Desainer
306,Andi,26,Jakarta,5826525,Akuntan
307,Dewi,24,Medan,4318766,Mahasiswa
308,Eka,26,Medan,5338530,Programmer
309,Gina,28,Bogor,7223570,Teknisi
310,Andi,22,Bogor,5957233,Akuntan
311,Citra,27,Bogor,4272647,Programmer
312,Budi,21,Palembang,6181913,Marketing
313,Ika,26,Semarang,5478768,Desainer
314,Joko,21,Bandung,6895174,Admin
315,Fajar,23,Palembang,5565213,Freelancer
316,Joko,26,Yogyakarta,6763398,Desainer
317,Citra,22,Medan,4930370,Akuntan
318,Hadi,21,Depok,6425920,Marketing
319,Hadi,29,Bandung,4688152,Mahasiswa
320,Budi,26,Malang,4402980,Teknisi
321,Fajar,20,Yogyakarta,5038336,Freelancer
322,Gina,27,Bandung,6878350,Freelancer
323,Budi,22,Palembang,5168932,Desainer
324,Joko,21,Jakarta,7362956,Akuntan
325,Budi,22,Depok,6139879,Mahasiswa
326,Joko,24,Bandung,6437767,Guru
327,Andi,27,Semarang,5580932,Marketing
328,Hadi,29,Bogor,6738363,Guru
329,Andi,26,Bogor,5449087,Teknisi
330,Ika,26,Depok,6531528,Mahasiswa
331,Fajar,26,Palembang,6108542,Mahasiswa
332,Gina,27,Bogor,6728192,Marketing
333,Joko,20,Bandung,4937635,Analis
334,Gina,23,Malang,7502626,Guru
335,Joko,25,Medan,5386689,Programmer
336,Citra,28,Medan,7816126,Freelancer
337,Budi,21,Yogyakarta,7066983,Analis
338,Ika,20,Surabaya,6846230,Programmer
339,Hadi,29,Jakarta,5387784,Akuntan
340,Joko,21,Depok,6118433,Marketing
341,Gina,26,Yogyakarta,6151341,Akuntan
342,Ika,22,Surabaya,4262093,Freelancer
343,Dewi,29,Palembang,5359231,Admin
344,Dewi,21,Semarang,7792131,Programmer
345,Andi,26,Semarang,7678621,Analis
346,Hadi,21,Jakarta,4362462,Programmer
347,Citra,22,Bogor,6491749,Programmer
348,Gina,26,Bandung,6032714,Marketing
349,Budi,23,Yogyakarta,4806242,Akuntan
350,Budi,20,Yogyakarta,5297991,Guru
351,Gina,24,Depok,6776834,Admin
352,Fajar,28,Depok,5090445,Marketing
353,Citra,27,Semarang,6654395,Teknisi
354,Ika,28,Semarang,7731404,Marketing
355,Joko,29,Malang,5814188,Freelancer
356,Fajar,28,Malang,6107359,Admin
357,Joko,26,Bogor,4218401,Mahasiswa
358,Joko,23,Malang,4985132,Teknisi
359,Fajar,24,Bandung,4159292,Desainer
360,Andi,20,Bandung,5525842,Marketing
361,Dewi,20,Yogyakarta,4496762,Programmer
362,Joko,22,Medan,7350885,Guru
363,Fajar,27,Bandung,7167759,Mahasiswa
364,Fajar,21,Surabaya,4463937,Marketing
365,Eka,23,Semarang,6964391,Marketing
366,Andi,21,Depok,6692752,Analis
367,Hadi,24,Malang,6681206,Analis
368,Eka,28,Yogyakarta,5192097,Mahasiswa
369,Eka,20,Jakarta,6449129,Akuntan
370,Gina,24,Depok,4187771,Analis
371,Dewi,28,Surabaya,4237199,Programmer
372,Fajar,20,Malang,7095909,Teknisi
373,Dewi,28,Surabaya,5809595,Desainer
374,Citra,27,Semarang,6857281,Admin
375,Gina,23,Semarang,6732481,Desainer
376,Hadi,29,Bogor,4640473,Desainer
377,Dewi,24,Yogyakarta,6274316,Admin
378,Budi,24,Depok,7602615,Analis
379,Joko,25,Palembang,5583214,Mahasiswa
380,Citra,26,Palembang,4751518,Admin
381,Andi,27,Depok,4513313,Freelancer
382,Hadi,27,Jakarta,7139878,Akuntan
383,Citra,21,Yogyakarta,7931586,Teknisi
384,Joko,28,Surabaya,7214215,Guru
385,Gina,26,Jakarta,6245846,Analis
386,Joko,23,Medan,6221005,Akuntan
387,Eka,23,Depok,7460989,Admin
388,Joko,27,Surabaya,6332214,Freelancer
389,Eka,23,Palembang,7597338,Guru
390,Gina,25,Bandung,6330229,Teknisi
391,Ika,24,Bogor,4887516,Teknisi
392,Eka,22,Palembang,5072358,Analis
393,Andi,29,Yogyakarta,7655220,Admin
394,Joko,21,Semarang,5863462,Akuntan
395,Joko,28,Bandung,5902912,Mahasiswa
396,Andi,29,Bogor,4654224,Akuntan
397,Budi,28,Bogor,7554536,Akuntan
398,Fajar,20,Medan,6250397,Teknisi
399,Ika,29,Medan,5999284,Mahasiswa
400,Hadi,22,Malang,6001676,Mahasiswa
401,Eka,27,Palembang,7267986,Analis
402,Andi,25,Palembang,5684532,Guru
403,Gina,24,Palembang,4454418,Marketing
404,Eka,24,Malang,5531192,Desainer
405,Fajar,25,Jakarta,7532056,Desainer
406,Gina,26,Bogor,7652309,Teknisi
407,Citra,20,Bandung,5472542,Marketing
408,Joko,28,Yogyakarta,4278710,Guru
409,Citra,22,Bogor,4662550,Marketing
410,Eka,23,Medan,7103263,Analis
411,Fajar,29,Surabaya,4562621,Akuntan
412,Ika,20,Semarang,7529801,Teknisi
413,Eka,29,Malang,7881993,Mahasiswa
414,Andi,22,Depok,4613859,Teknisi
415,Dewi,21,Surabaya,7265991,Desainer
416,Eka,21,Yogyakarta,6090547,Guru
417,Joko,20,Palembang,5598099,Marketing
418,Joko,27,Medan,4000159,Guru
419,Eka,22,Medan,7813233,Analis
420,Gina,22,Medan,7095565,Teknisi
421,Dewi,25,Palembang,5211569,Admin
422,Andi,27,Depok,4367003,Teknisi
423,Eka,28,Malang,5195885,Mahasiswa
424,Gina,28,Surabaya,5156083,Teknisi
425,Joko,23,Palembang,5974324,Freelancer
426,Joko,24,Yogyakarta,5063319,Analis
427,Fajar,21,Malang,7898190,Programmer
428,Eka,28,Yogyakarta,7191829,Analis
429,Dewi,27,Malang,7388445,Marketing
430,Budi,22,Depok,6742974,Programmer
431,Dewi,28,Semarang,7492099,Marketing
432,Joko,22,Yogyakarta,5279180,Marketing
433,Joko,28,Palembang,7333178,Mahasiswa
434,Citra,21,Malang,7988231,Mahasiswa
435,Joko,29,Medan,7872209,Akuntan
436,Andi,28,Bogor,4336907,Desainer
437,Hadi,27,Medan,6584182,Akuntan
438,Eka,28,Jakarta,5808286,Akuntan
439,Dewi,24,Semarang,4405453,Desainer
440,Hadi,21,Semarang,4671009,Admin
441,Gina,27,Medan,4168785,Programmer
442,Budi,25,Surabaya,6301687,Guru
443,Andi,27,Depok,6797921,Akuntan
444,Dewi,24,Yogyakarta,4179838,Teknisi
445,Hadi,29,Palembang,6667594,Teknisi
446,Budi,21,Semarang,4269160,Marketing
447,Citra,25,Medan,6569931,Desainer
448,Andi,24,Medan,4441904,Marketing
449,Andi,24,Depok,4876110,Freelancer
450,Citra,20,Depok,4898488,Freelancer
451,Eka,21,Bandung,4578526,Guru
452,Citra,27,Bandung,6417904,Mahasiswa
453,Andi,22,Surabaya,5661945,Mahasiswa
454,Andi,29,Surabaya,7393372,Desainer
455,Hadi,22,Jakarta,4837393,Desainer
456,Joko,27,Surabaya,7345503,Akuntan
457,Budi,27,Malang,7059413,Freelancer
458,Citra,21,Depok,7959077,Akuntan
459,Budi,27,Palembang,4940240,Mahasiswa
460,Citra,20,Malang,4814422,Programmer
461,Gina,25,Yogyakarta,5111127,Programmer
462,Andi,27,Medan,6024241,Desainer
463,Joko,22,Surabaya,4734983,Marketing
464,Hadi,27,Medan,7823528,Mahasiswa
465,Joko,20,Semarang,6263429,Programmer
466,Joko,28,Jakarta,7135812,Mahasiswa
467,Joko,28,Semarang,4080811,Analis
468,Budi,24,Jakarta,6876280,Teknisi
469,Citra,29,Bandung,6938687,Freelancer
470,Ika,23,Medan,7609756,Akuntan
471,Gina,25,Jakarta,4959131,Mahasiswa
472,Dewi,26,Bogor,5416842,Teknisi
473,Joko,24,Malang,6331256,Analis
474,Eka,29,Jakarta,7689024,Akuntan
475,Budi,28,Jakarta,4202346,Mahasiswa
476,Hadi,22,Malang,7702418,Desainer
477,Dewi,26,Medan,6281608,Teknisi
478,Ika,29,Medan,7930010,Akuntan
479,Eka,29,Malang,5447585,Mahasiswa
480,Ika,24,Semarang,7641771,Teknisi
481,Dewi,26,Bogor,6233795,Analis
482,Joko,21,Palembang,7635811,Mahasiswa
483,Eka,23,Yogyakarta,5162126,Mahasiswa
484,Ika,21,Bogor,6581298,Mahasiswa
485,Hadi,26,Medan,4960652,Guru
486,Citra,21,Palembang,6188370,Desainer
487,Andi,20,Bandung,7279024,Analis
488,Citra,28,Surabaya,5548485,Akuntan
489,Dewi,20,Jakarta,5567343,Guru
490,Budi,27,Malang,7325495,Marketing
491,Andi,21,Malang,4907211,Guru
492,Gina,27,Jakarta,5440434,Freelancer
493,Hadi,22,Surabaya,5813924,Freelancer
494,Gina,25,Yogyakarta,7385744,Mahasiswa
495,Eka,22,Surabaya,6129593,Guru
496,Andi,26,Palembang,5286614,Marketing
497,Gina,29,Surabaya,6791641,Guru
498,Gina,28,Palembang,4755612,Desainer
499,Ika,21,Surabaya,7994528,Desainer
500,Citra,24,Yogyakarta,6076475,Marketing
501,Ika,25,Yogyakarta,7762138,Guru
502,Andi,23,Medan,6141912,Teknisi
503,Andi,23,Jakarta,7144311,Desainer
504,Dewi,23,Yogyakarta,4285622,Desainer
505,Ika,21,Palembang,5962889,Programmer
506,Fajar,23,Yogyakarta,5906862,Guru
507,Citra,20,Medan,5396436,Desainer
508,Andi,25,Malang,4667540,Analis
509,Dewi,20,Palembang,6195690,Guru
510,Ika,29,Medan,5588236,Freelancer
511,Citra,25,Semarang,4816228,Programmer
512,Ika,20,Semarang,4975776,Desainer
513,Gina,25,Bandung,4511511,Programmer
514,Dewi,29,Surabaya,5269611,Freelancer
515,Citra,27,Jakarta,6982410,Marketing
516,Joko,21,Depok,6479888,Marketing
517,Eka,21,Bogor,5404355,Guru
518,Eka,23,Medan,5683886,Freelancer
519,Citra,22,Malang,6675480,Admin
520,Ika,23,Bogor,4861789,Admin
521,Dewi,26,Malang,5775304,Guru
522,Eka,20,Bogor,7748372,Mahasiswa
523,Dewi,25,Medan,7424083,Programmer
524,Eka,22,Depok,6464722,Programmer
525,Gina,29,Bogor,6365138,Marketing
526,Ika,26,Medan,6553483,Admin
527,Gina,29,Yogyakarta,5901860,Akuntan
528,Eka,21,Depok,5436457,Desainer
529,Joko,21,Palembang,5356688,Desainer
530,Joko,23,Malang,6901092,Desainer
531,Gina,20,Semarang,6250229,Marketing
532,Joko,22,Surabaya,7200303,Freelancer
533,Eka,28,Semarang,5522534,Teknisi
534,Citra,26,Depok,5722907,Admin
535,Gina,26,Palembang,6515967,Admin
536,Budi,23,Malang,4480808,Akuntan
537,Ika,21,Palembang,5639778,Programmer
538,Joko,23,Bogor,6870574,Mahasiswa
539,Joko,25,Malang,6688495,Guru
540,Andi,22,Bogor,7757713,Programmer
541,Fajar,20,Medan,6727679,Freelancer
542,Gina,27,Depok,6332621,Guru
543,Hadi,24,Medan,5171682,Admin
544,Joko,24,Bandung,6888939,Freelancer
545,Ika,23,Palembang,7986280,Guru
546,Budi,25,Bogor,6564987,Akuntan
547,Joko,22,Yogyakarta,6397638,Akuntan
548,Budi,28,Medan,6044940,Analis
549,Eka,24,Bandung,6099409,Teknisi
550,Eka,22,Jakarta,5338084,Akuntan
551,Fajar,20,Semarang,7826060,Admin
552,Citra,29,Malang,7257443,Mahasiswa
553,Hadi,25,Bandung,7172382,Desainer
554,Andi,21,Depok,7881857,Analis
555,Fajar,22,Medan,4343567,Desainer
556,Dewi,20,Depok,4291464,Teknisi
557,Andi,28,Semarang,4545096,Guru
558,Gina,27,Yogyakarta,6673829,Marketing
559,Ika,21,Palembang,6586058,Akuntan
560,Dewi,27,Palembang,4118581,Mahasiswa
561,Dewi,28,Depok,5176503,Teknisi
562,Fajar,20,Bogor,5083349,Desainer
563,Citra,24,Yogyakarta,7852256,Analis
564,Fajar,27,Palembang,5469539,Akuntan
565,Gina,21,Yogyakarta,4338540,Admin
566,Joko,23,Bandung,4501590,Akuntan
567,Joko,26,Yogyakarta,5418412,Analis
568,Citra,22,Surabaya,7360492,Analis
569,Gina,24,Semarang,5630369,Marketing
570,Citra,27,Palembang,4872328,Akuntan
571,Budi,29,Yogyakarta,7688151,Akuntan
572,Joko,22,Depok,4615175,Marketing
573,Dewi,23,Jakarta,5170694,Freelancer
574,Hadi,28,Surabaya,7110691,Freelancer
575,Ika,26,Surabaya,5358097,Guru
576,Gina,20,Bogor,7300354,Freelancer
577,Andi,23,Yogyakarta,4848923,Programmer
578,Citra,23,Bogor,5294315,Akuntan
579,Ika,28,Bogor,5893291,Mahasiswa
580,Andi,25,Jakarta,6575508,Akuntan
581,Ika,28,Bandung,6376219,Programmer
582,Hadi,25,Yogyakarta,5358311,Programmer
583,Andi,25,Medan,5635125,Desainer
584,Fajar,24,Palembang,4316480,Akuntan
585,Eka,24,Bogor,6433379,Teknisi
586,Fajar,21,Semarang,5633812,Programmer
587,Joko,27,Malang,5289467,Mahasiswa
588,Eka,27,Semarang,4164074,Marketing
589,Fajar,20,Jakarta,6570466,Guru
590,Eka,27,Jakarta,7655180,Desainer
591,Eka,24,Depok,6039096,Marketing
592,Dewi,21,Bandung,4288816,Desainer
593,Citra,21,Palembang,4790645,Mahasiswa
594,Citra,25,Bogor,7287093,Analis
595,Dewi,28,Semarang,5017481,Akuntan
596,Ika,20,Malang,7594804,Admin
597,Budi,25,Jakarta,4062507,Teknisi
598,Ika,28,Jakarta,5105710,Marketing
599,Andi,27,Bandung,6230324,Akuntan
600,Andi,25,Malang,6338377,Teknisi
601,Eka,22,Malang,4193069,Analis
602,Fajar,27,Bandung,6911756,Admin
603,Fajar,28,Jakarta,4806564,Teknisi
604,Citra,20,Palembang,7918949,Teknisi
605,Gina,28,Yogyakarta,5853207,Marketing
606,Ika,25,Yogyakarta,5609473,Freelancer
607,Joko,25,Bandung,7319765,Admin
608,Hadi,23,Malang,5711952,Akuntan
609,Fajar,20,Bogor,5481571,Analis
610,Hadi,29,Bandung,6593165,Admin
611,Eka,27,Palembang,6391177,Mahasiswa
612,Hadi,21,Bandung,4737954,Freelancer
613,Joko,20,Surabaya,6908056,Mahasiswa
614,Dewi,21,Semarang,7645826,Analis
615,Joko,20,Malang,4707173,Marketing
616,Hadi,20,Depok,6852880,Marketing
617,Joko,28,Depok,7403531,Analis
618,Budi,20,Malang,5739957,Desainer
619,Eka,23,Palembang,4316275,Analis
620,Ika,29,Surabaya,4679447,Freelancer
621,Dewi,25,Surabaya,5061404,Programmer
622,Fajar,26,Jakarta,4979114,Marketing
623,Andi,21,Semarang,6980248,Guru
624,Ika,25,Yogyakarta,6613987,Freelancer
625,Andi,26,Medan,6753913,Freelancer
626,Eka,29,Palembang,6051259,Freelancer
627,Dewi,29,Medan,4801625,Teknisi
628,Citra,21,Medan,7369189,Freelancer
629,Fajar,21,Malang,6535232,Marketing
630,Budi,29,Depok,5462099,Programmer
631,Citra,26,Depok,7510390,Programmer
632,Eka,20,Yogyakarta,6378907,Freelancer
633,Ika,27,Malang,6796303,Mahasiswa
634,Budi,22,Medan,5978030,Marketing
635,Joko,25,Bogor,4338384,Marketing
636,Hadi,28,Depok,7385447,Admin
637,Budi,25,Palembang,6829915,Akuntan
638,Eka,28,Palembang,5837753,Desainer
639,Gina,26,Jakarta,6938827,Desainer
640,Hadi,28,Bandung,6363162,Mahasiswa
641,Andi,21,Bogor,4687605,Desainer
642,Fajar,27,Depok,5486516,Admin
643,Andi,27,Surabaya,4915113,Analis
644,Budi,21,Depok,6692794,Desainer
645,Andi,23,Jakarta,7197102,Marketing
646,Eka,26,Palembang,6211549,Analis
647,Joko,23,Medan,6345704,Desainer
648,Ika,23,Surabaya,4386721,Marketing
649,Fajar,25,Malang,4423332,Marketing
650,Andi,29,Semarang,4292575,Freelancer
651,Andi,25,Medan,5459700,Programmer
652,Budi,29,Semarang,4029336,Mahasiswa
653,Ika,22,Bogor,6924576,Admin
654,Citra,28,Bandung,7201078,Teknisi
655,Andi,29,Surabaya,5642425,Akuntan
656,Eka,21,Yogyakarta,6607622,Desainer
657,Gina,25,Surabaya,5886963,Desainer
658,Fajar,26,Depok,5109816,Analis
659,Andi,28,Palembang,6772605,Analis
660,Eka,22,Depok,5447947,Akuntan
661,Eka,29,Depok,5619471,Desainer
662,Fajar,22,Bogor,7048143,Guru
663,Citra,26,Medan,7856756,Admin
664,Eka,23,Yogyakarta,6278348,Desainer
665,Gina,27,Yogyakarta,6412166,Programmer
666,Eka,26,Depok,5498339,Akuntan
667,Eka,24,Semarang,5636974,Guru
668,Eka,26,Bogor,7330354,Admin
669,Joko,22,Depok,4676296,Desainer
670,Joko,21,Bandung,4379039,Teknisi
671,Citra,25,Palembang,4528714,Freelancer
672,Andi,21,Medan,6841351,Programmer
673,Eka,22,Malang,6911190,Teknisi
674,Ika,25,Bandung,4441048,Analis
675,Andi,24,Semarang,4552439,Analis
676,Citra,27,Surabaya,4273452,Desainer
677,Dewi,28,Surabaya,6338005,Analis
678,Andi,22,Bandung,4778883,Programmer
679,Andi,29,Depok,4176743,Admin
680,Hadi,22,Malang,5138882,Marketing
681,Budi,22,Jakarta,4749468,Mahasiswa
682,Hadi,25,Jakarta,6990568,Akuntan
683,Gina,20,Semarang,7672220,Admin
684,Joko,26,Depok,6189921,Marketing
685,Joko,20,Yogyakarta,7232993,Guru
686,Budi,24,Yogyakarta,6914715,Programmer
687,Fajar,29,Medan,7198156,Teknisi
688,Fajar,27,Malang,5606734,Marketing
689,Citra,23,Malang,4627835,Programmer
690,Budi,24,Surabaya,4760278,Freelancer
691,Andi,23,Bogor,7194795,Teknisi
692,Fajar,23,Semarang,4976089,Analis
693,Eka,27,Jakarta,4762371,Analis
694,Ika,21,Semarang,7257945,Teknisi
695,Andi,20,Yogyakarta,5466760,Guru
696,Gina,22,Yogyakarta,7768950,Guru
697,Eka,28,Bandung,4142980,Guru
698,Eka,23,Medan,5992503,Marketing
699,Budi,29,Malang,4502367,Akuntan
700,Citra,24,Palembang,6434003,Marketing
701,Gina,21,Semarang,6306481,Desainer
702,Fajar,23,Yogyakarta,4257354,Mahasiswa
703,Budi,21,Bogor,7669134,Teknisi
704,Fajar,21,Surabaya,7206943,Admin
705,Budi,23,Jakarta,5759771,Mahasiswa
706,Budi,25,Medan,6408725,Freelancer
707,Budi,26,Bogor,5917160,Marketing
708,Citra,29,Medan,7778064,Marketing
709,Budi,22,Bandung,7315258,Programmer
710,Dewi,22,Palembang,4177241,Mahasiswa
711,Ika,29,Yogyakarta,6235883,Programmer
712,Fajar,25,Surabaya,6550982,Admin
713,Andi,22,Bogor,4764265,Programmer
714,Hadi,21,Medan,6436536,Mahasiswa
715,Gina,27,Malang,5474585,Teknisi
716,Joko,24,Bandung,6210840,Freelancer
717,Citra,20,Malang,4308617,Marketing
718,Andi,22,Surabaya,6980346,Admin
719,Eka,29,Bogor,4744748,Marketing
720,Dewi,27,Bandung,7636562,Desainer
721,Joko,23,Bogor,6054410,Freelancer
722,Hadi,26,Yogyakarta,4893388,Akuntan
723,Andi,29,Depok,6477748,Programmer
724,Joko,21,Bandung,7856839,Analis
725,Andi,26,Malang,4912743,Mahasiswa
726,Dewi,24,Surabaya,4734275,Marketing
727,Hadi,24,Palembang,6020334,Programmer
728,Eka,25,Yogyakarta,7414878,Admin
729,Budi,28,Depok,5297819,Marketing
730,Fajar,25,Palembang,5034186,Akuntan
731,Eka,27,Jakarta,4598506,Freelancer
732,Budi,26,Yogyakarta,5244992,Freelancer
733,Citra,28,Surabaya,5999920,Marketing
734,Ika,23,Medan,4556718,Admin
735,Gina,21,Bandung,6120243,Freelancer
736,Gina,26,Bogor,5829989,Freelancer
737,Fajar,25,Surabaya,5999063,Akuntan
738,Hadi,20,Bandung,5596853,Mahasiswa
739,Dewi,28,Palembang,5124027,Admin
740,Hadi,28,Bogor,7122744,Admin
741,Dewi,21,Semarang,6116142,Teknisi
742,Hadi,22,Malang,4352414,Teknisi
743,Ika,24,Jakarta,6963944,Freelancer
744,Citra,24,Yogyakarta,6347693,Analis
745,Citra,20,Surabaya,6919665,Teknisi
746,Budi,27,Jakarta,6763545,Freelancer
747,Joko,27,Medan,7516144,Guru
748,Citra,23,Bandung,7948401,Desainer
749,Citra,26,Bandung,4124932,Desainer
750,Eka,29,Surabaya,5039955,Admin
751,Eka,22,Depok,4268083,Analis
752,Budi,25,Depok,7258728,Akuntan
753,Joko,29,Semarang,5751498,Mahasiswa
754,Fajar,29,Malang,6656503,Teknisi
755,Eka,28,Bogor,6086453,Guru
756,Fajar,20,Medan,6590368,Freelancer
757,Andi,24,Jakarta,7877809,Analis
758,Eka,23,Depok,4682405,Admin
759,Ika,27,Semarang,5558426,Teknisi
760,Joko,20,Semarang,5486561,Analis
761,Budi,28,Surabaya,6930702,Teknisi
762,Andi,25,Medan,7230431,Mahasiswa
763,Joko,23,Palembang,6592316,Mahasiswa
764,Ika,28,Bogor,7560569,Akuntan
765,Joko,24,Malang,7905812,Desainer
766,Ika,24,Yogyakarta,5701421,Programmer
767,Ika,24,Surabaya,4289220,Programmer
768,Fajar,20,Bogor,7399045,Teknisi
769,Hadi,20,Yogyakarta,5244453,Akuntan
770,Andi,27,Yogyakarta,7976765,Programmer
771,Joko,27,Medan,5395285,Admin
772,Dewi,25,Medan,4481725,Programmer
773,Andi,23,Jakarta,6922705,Marketing
774,Hadi,21,Semarang,6915017,Freelancer
775,Andi,21,Bogor,6664749,Akuntan
776,Citra,28,Surabaya,4853900,Admin
777,Dewi,24,Bandung,6534622,Analis
778,Hadi,23,Surabaya,7999453,Admin
779,Fajar,29,Jakarta,5406978,Desainer
780,Joko,20,Malang,7052509,Analis
781,Gina,26,Semarang,6921989,Guru
782,Hadi,22,Bandung,4984156,Freelancer
783,Budi,25,Depok,7713543,Freelancer
784,Joko,24,Malang,4863659,Freelancer
785,Hadi,24,Medan,4917996,Freelancer
786,Citra,24,Yogyakarta,4748778,Teknisi
787,Gina,20,Depok,6237035,Freelancer
788,Citra,20,Surabaya,7763360,Freelancer
789,Gina,22,Surabaya,5203920,Freelancer
790,Budi,29,Medan,7108591,Akuntan
791,Joko,23,Jakarta,7610954,Teknisi
792,Fajar,24,Bogor,4747852,Mahasiswa
793,Citra,21,Depok,7717169,Admin
794,Citra,27,Depok,5156618,Admin
795,Ika,21,Palembang,5102686,Analis
796,Gina,28,Malang,7290779,Akuntan
797,Eka,21,Semarang,7911147,Marketing
798,Joko,28,Malang,6860613,Admin
799,Gina,26,Bogor,6125480,Programmer
800,Ika,27,Surabaya,6734351,Marketing
801,Andi,21,Surabaya,7420739,Freelancer
802,Gina,26,Surabaya,5107810,Freelancer
803,Fajar,25,Palembang,4812283,Teknisi
804,Joko,23,Surabaya,6914863,Marketing
805,Ika,26,Bogor,5821367,Programmer
806,Andi,23,Medan,7372863,Teknisi
807,Dewi,21,Semarang,7743418,Analis
808,Ika,29,Bogor,6899033,Marketing
809,Dewi,26,Semarang,4338365,Akuntan
810,Joko,27,Bogor,4875512,Freelancer
811,Citra,21,Surabaya,5578315,Freelancer
812,Ika,24,Medan,7232906,Desainer
813,Budi,20,Depok,6029144,Teknisi
814,Dewi,26,Malang,5898769,Mahasiswa
815,Fajar,27,Yogyakarta,7382290,Mahasiswa
816,Budi,25,Medan,5349590,Teknisi
817,Hadi,24,Depok,7504438,Akuntan
818,Hadi,25,Jakarta,4385893,Guru
819,Andi,21,Bogor,5172341,Teknisi
820,Citra,20,Jakarta,5435601,Akuntan
821,Joko,26,Depok,7045529,Analis
822,Ika,26,Medan,6225541,Freelancer
823,Eka,29,Bogor,6811139,Programmer
824,Fajar,29,Yogyakarta,5245803,Guru
825,Dewi,21,Surabaya,6589554,Marketing
826,Joko,21,Bogor,6908956,Guru
827,Budi,20,Bogor,6887226,Programmer
828,Hadi,29,Medan,6357372,Desainer
829,Fajar,27,Medan,5469793,Freelancer
830,Eka,27,Depok,4296208,Mahasiswa
831,Ika,20,Bandung,4750186,Akuntan
832,Andi,27,Bogor,6897706,Teknisi
833,Eka,28,Malang,7214159,Teknisi
834,Fajar,23,Bogor,7201473,Mahasiswa
835,Eka,20,Depok,5098657,Guru
836,Fajar,20,Semarang,6036982,Freelancer
837,Fajar,22,Jakarta,4926215,Admin
838,Gina,24,Surabaya,6313356,Akuntan
839,Dewi,24,Bandung,7033449,Analis
840,Hadi,28,Yogyakarta,5449991,Programmer
841,Gina,29,Yogyakarta,6697693,Guru
842,Ika,21,Yogyakarta,6395487,Marketing
843,Gina,21,Medan,5845219,Desainer
844,Citra,25,Yogyakarta,5159662,Teknisi
845,Citra,28,Surabaya,6553437,Guru
846,Hadi,20,Jakarta,4974250,Desainer
847,Eka,28,Yogyakarta,6511910,Programmer
848,Dewi,28,Bogor,4424528,Teknisi
849,Hadi,28,Bogor,6535610,Teknisi
850,Fajar,24,Medan,4888403,Admin
851,Budi,28,Surabaya,6715223,Guru
852,Dewi,23,Jakarta,7795697,Freelancer
853,Dewi,21,Bandung,4612181,Mahasiswa
854,Fajar,25,Depok,7070044,Mahasiswa
855,Fajar,23,Jakarta,7645525,Analis
856,Andi,25,Depok,6255915,Marketing
857,Hadi,22,Semarang,5650824,Desainer
858,Fajar,25,Depok,5919396,Guru
859,Citra,21,Malang,5071177,Akuntan
860,Ika,21,Bogor,5035811,Marketing
861,Budi,28,Surabaya,6508388,Admin
862,Hadi,26,Palembang,4139227,Teknisi
863,Joko,22,Medan,5773055,Freelancer
864,Citra,20,Malang,4998555,Guru
865,Eka,27,Depok,4692137,Marketing
866,Fajar,25,Yogyakarta,4281854,Marketing
867,Joko,26,Surabaya,6468010,Freelancer
868,Fajar,28,Malang,4679892,Analis
869,Dewi,24,Medan,5701591,Desainer
870,Citra,20,Bogor,5984681,Desainer
871,Dewi,29,Surabaya,5636091,Marketing
872,Andi,26,Medan,4660327,Programmer
873,Dewi,24,Semarang,5657153,Marketing
874,Andi,22,Semarang,4151094,Marketing
875,Andi,28,Medan,5485255,Freelancer
876,Joko,20,Malang,6827183,Teknisi
877,Fajar,20,Surabaya,6889306,Freelancer
878,Eka,20,Malang,7828501,Guru
879,Dewi,22,Bandung,6964634,Marketing
880,Citra,25,Depok,7648376,Desainer
881,Andi,29,Bandung,5806684,Akuntan
882,Fajar,22,Semarang,5809858,Desainer
883,Budi,27,Bogor,4479083,Mahasiswa
884,Hadi,29,Jakarta,5394316,Analis
885,Joko,21,Depok,5901740,Admin
886,Eka,28,Semarang,5454089,Guru
887,Gina,22,Malang,4068323,Guru
888,Joko,24,Malang,7431688,Analis
889,Budi,29,Malang,6090421,Akuntan
890,Hadi,27,Bogor,5613559,Admin
891,Budi,21,Bandung,7558646,Teknisi
892,Dewi,25,Jakarta,6515610,Marketing
893,Andi,24,Malang,7201569,Admin
894,Eka,29,Palembang,4390642,Akuntan
895,Ika,28,Depok,6295936,Programmer
896,Andi,24,Surabaya,4107096,Mahasiswa
897,Ika,21,Palembang,5141340,Admin
898,Hadi,24,Jakarta,4446790,Admin
899,Fajar,23,Bogor,6707184,Mahasiswa
900,Gina,26,Jakarta,6912066,Marketing
901,Citra,25,Surabaya,7679187,Admin
902,Andi,21,Depok,7770771,Mahasiswa
903,Eka,24,Surabaya,5540724,Mahasiswa
904,Budi,26,Medan,5680989,Mahasiswa
905,Eka,26,Depok,5965730,Freelancer
906,Hadi,24,Jakarta,4368226,Akuntan
907,Ika,28,Malang,7149424,Freelancer
908,Budi,23,Jakarta,4126310,Programmer
909,Citra,22,Jakarta,4675673,Teknisi
910,Citra,23,Depok,6902733,Freelancer
911,Andi,24,Medan,5888529,Freelancer
912,Hadi,25,Jakarta,5094316,Akuntan
913,Fajar,22,Palembang,4106611,Teknisi
914,Hadi,21,Semarang,6495324,Analis
915,Ika,23,Yogyakarta,6566099,Mahasiswa
916,Eka,24,Yogyakarta,6572980,Guru
917,Citra,23,Jakarta,4773210,Teknisi
918,Eka,22,Palembang,6425937,Programmer
919,Eka,27,Malang,5636675,Marketing
920,Eka,29,Bogor,6542528,Programmer
921,Citra,23,Bogor,4706673,Mahasiswa
922,Joko,21,Depok,7733248,Teknisi
923,Dewi,21,Yogyakarta,4801849,Programmer
924,Ika,20,Jakarta,5728665,Programmer
925,Joko,23,Bogor,5161068,Analis
926,Ika,29,Jakarta,7175827,Analis
927,Budi,28,Depok,5035891,Teknisi
928,Hadi,26,Yogyakarta,4753494,Mahasiswa
929,Hadi,29,Surabaya,4423177,Freelancer
930,Gina,26,Semarang,4642762,Desainer
931,Hadi,26,Semarang,7417128,Admin
932,Citra,27,Bogor,7625064,Guru
933,Fajar,20,Semarang,4767876,Admin
934,Andi,29,Surabaya,7704697,Akuntan
935,Gina,29,Jakarta,5139904,Analis
936,Andi,27,Depok,5791376,Teknisi
937,Ika,23,Surabaya,7079445,Admin
938,Andi,23,Depok,6402657,Mahasiswa
939,Andi,23,Depok,7603447,Guru
940,Gina,25,Yogyakarta,5083116,Admin
941,Budi,26,Jakarta,5206184,Guru
942,Eka,25,Palembang,5133276,Marketing
943,Hadi,20,Semarang,7077699,Mahasiswa
944,Hadi,27,Palembang,6437828,Desainer
945,Citra,29,Yogyakarta,5760511,Programmer
946,Gina,26,Depok,4389770,Guru
947,Citra,25,Bogor,7541815,Mahasiswa
948,Fajar,25,Semarang,4046002,Guru
949,Fajar,24,Semarang,7195540,Guru
950,Citra,25,Jakarta,4415842,Freelancer
951,Gina,28,Medan,4715339,Freelancer
952,Citra,29,Bandung,7403634,Mahasiswa
953,Hadi,28,Bandung,5157522,Freelancer
954,Joko,29,Bandung,5115244,Akuntan
955,Dewi,27,Medan,6196155,Desainer
956,Andi,29,Jakarta,5784006,Teknisi
957,Dewi,28,Medan,6317614,Mahasiswa
958,Gina,29,Bandung,5878006,Mahasiswa
959,Dewi,27,Yogyakarta,4719174,Akuntan
960,Fajar,27,Surabaya,4628889,Analis
961,Ika,20,Depok,6367108,Analis
962,Andi,29,Medan,6158996,Freelancer
963,Eka,24,Jakarta,5774029,Teknisi
964,Gina,23,Jakarta,4395395,Freelancer
965,Andi,21,Palembang,7844886,Marketing
966,Dewi,27,Surabaya,7220329,Marketing
967,Fajar,22,Bogor,4925779,Programmer
968,Budi,23,Semarang,6016654,Marketing
969,Joko,26,Bandung,6407153,Analis
970,Eka,29,Bogor,6484851,Desainer
971,Joko,28,Palembang,5543276,Marketing
972,Andi,21,Bandung,5331420,Freelancer
973,Fajar,22,Surabaya,5830791,Guru
974,Fajar,23,Palembang,6529832,Mahasiswa
975,Dewi,29,Bandung,7319151,Desainer
976,Hadi,20,Surabaya,6190482,Desainer
977,Dewi,26,Malang,4225391,Freelancer
978,Hadi,21,Bogor,6310758,Mahasiswa
979,Hadi,24,Bogor,6504237,Analis
980,Eka,20,Semarang,4191387,Desainer
981,Dewi,22,Surabaya,5289709,Programmer
982,Budi,21,Medan,7632632,Freelancer
983,Citra,20,Malang,4414170,Desainer
984,Citra,26,Yogyakarta,6784067,Teknisi
985,Dewi,24,Bandung,5374073,Mahasiswa
986,Dewi,20,Malang,5523982,Marketing
987,Joko,25,Surabaya,6535394,Desainer
988,Eka,24,Depok,4362916,Freelancer
989,Dewi,22,Bandung,4178048,Marketing
990,Joko,26,Jakarta,4998082,Programmer
991,Hadi,29,Bogor,5402222,Marketing
992,Fajar,28,Surabaya,5424663,Teknisi
993,Fajar,28,Jakarta,6469146,Analis
994,Hadi,28,Semarang,7715111,Desainer
995,Gina,21,Palembang,7291070,Admin
996,Joko,22,Yogyakarta,4686268,Admin
997,Joko,26,Yogyakarta,4801955,Marketing
998,Hadi,24,Jakarta,5111009,Akuntan
999,Budi,21,Bogor,6013148,Mahasiswa
1000,Ika,22,Semarang,6641431,Admin
